INSERT INTO Brands (id, name) VALUES 
(1, 'Toyota'),
(2, 'Ford'),
(3, 'BMW'),
(4, 'Honda'),
(5, 'Tesla'),
(6, 'Hyundai'),
(7, 'Chevrolet'),
(8, 'Nissan'),
(9, 'Kia'),
(10, 'Mazda'),
(11, 'Subaru'),
(12, 'Volkswagen'),
(13, 'Mercedes-Benz'),
(14, 'Audi'),
(15, 'Lexus'),
(16, 'Jeep'),
(17, 'Dodge'),
(18, 'Volvo'),
(19, 'Jaguar'),
(20, 'Porsche');

INSERT INTO Colors (id, name) VALUES 
(1, 'White'),
(2, 'Black'),
(3, 'Gray'),
(4, 'Blue'),
(5, 'Red'),
(6, 'Silver'),
(7, 'Green'),
(8, 'Yellow'),
(9, 'Orange'),
(10, 'Purple'),
(11, 'Brown'),
(12, 'Gold'),
(13, 'Beige'),
(14, 'Cyan'),
(15, 'Magenta'),
(16, 'Navy'),
(17, 'Maroon'),
(18, 'Lime'),
(19, 'Teal'),
(20, 'Turquoise');

INSERT INTO Users (Id, FirstName, LastName, Email, Password) VALUES 
(1, 'John', 'Doe', 'john.doe@example.com', 'password123'),
(2, 'Jane', 'Smith', 'jane.smith@example.com', 'password456'),
(3, 'Alice', 'Johnson', 'alice.johnson@example.com', 'password789'),
(4, 'Bob', 'Brown', 'bob.brown@example.com', 'password101'),
(5, 'Charlie', 'Davis', 'charlie.davis@example.com', 'password202'),
(6, 'Emily', 'Miller', 'emily.miller@example.com', 'password303'),
(7, 'Michael', 'Wilson', 'michael.wilson@example.com', 'password404'),
(8, 'Sarah', 'Taylor', 'sarah.taylor@example.com', 'password505'),
(9, 'David', 'Anderson', 'david.anderson@example.com', 'password606'),
(10, 'Sophia', 'Thomas', 'sophia.thomas@example.com', 'password707'),
(11, 'Daniel', 'Jackson', 'daniel.jackson@example.com', 'password808'),
(12, 'Olivia', 'Martinez', 'olivia.martinez@example.com', 'password909'),
(13, 'Ethan', 'Lee', 'ethan.lee@example.com', 'password111'),
(14, 'Isabella', 'Perez', 'isabella.perez@example.com', 'password222'),
(15, 'James', 'White', 'james.white@example.com', 'password333'),
(16, 'Grace', 'Harris', 'grace.harris@example.com', 'password444'),
(17, 'Andrew', 'Clark', 'andrew.clark@example.com', 'password555'),
(18, 'Ella', 'Lewis', 'ella.lewis@example.com', 'password666'),
(19, 'Benjamin', 'Walker', 'benjamin.walker@example.com', 'password777'),
(20, 'Lily', 'Hall', 'lily.hall@example.com', 'password888');

INSERT INTO Customers (Id, UserId, CompanyName) VALUES 
(1, 1, 'Doe Enterprises'),
(2, 2, 'Smith & Co'),
(3, 3, 'Johnson Solutions'),
(4, 4, 'Brown Industries'),
(5, 5, 'Davis Logistics'),
(6, 6, 'Miller Construction'),
(7, 7, 'Wilson & Sons'),
(8, 8, 'Taylor Transport'),
(9, 9, 'Anderson Partners'),
(10, 10, 'Thomas Holdings'),
(11, 11, 'Jackson Corp'),
(12, 12, 'Martinez IT Services'),
(13, 13, 'Lee Consulting'),
(14, 14, 'Perez Automotive'),
(15, 15, 'White Real Estate'),
(16, 16, 'Harris Law Firm'),
(17, 17, 'Clark Innovations'),
(18, 18, 'Lewis Retail'),
(19, 19, 'Walker Supplies'),
(20, 20, 'Hall Events');

INSERT INTO Cars (BrandId, ColorId, DailyPrice, ModelYear, Description) VALUES 
(1, 1, 50.0, '2020', 'A reliable compact car'),
(2, 2, 80.0, '2021', 'A powerful SUV'),
(3, 3, 100.0, '2019', 'Luxury sedan with premium features'),
(4, 4, 70.0, '2018', 'Economical hatchback'),
(5, 5, 150.0, '2022', 'Electric car with advanced technology'),
(6, 6, 90.0, '2020', 'Spacious family van'),
(7, 7, 110.0, '2017', 'Classic American muscle car'),
(8, 8, 95.0, '2021', 'Stylish coupe'),
(9, 9, 60.0, '2019', 'Compact city car'),
(10, 10, 130.0, '2023', 'Sporty convertible'),
(11, 11, 85.0, '2018', 'Mid-sized sedan'),
(12, 12, 75.0, '2020', 'Economy car'),
(13, 13, 120.0, '2021', 'Luxury SUV'),
(14, 14, 65.0, '2016', 'Off-road vehicle'),
(15, 15, 200.0, '2022', 'High-performance electric car'),
(16, 16, 55.0, '2017', 'Affordable hatchback'),
(17, 17, 160.0, '2019', 'Premium sports sedan'),
(18, 18, 140.0, '2020', 'Executive limousine'),
(19, 19, 105.0, '2018', 'Compact crossover'),
(20, 20, 150.0, '2023', 'Luxury convertible');

INSERT INTO Rentals (CarId, CustomerId, RentDate, ReturnDate) VALUES 
(1, 1, '2024-01-01', '2024-01-05'),
(2, 2, '2024-02-10', '2024-02-15'),
(3, 3, '2024-03-20', '2024-03-25'),
(4, 4, '2024-04-05', '2024-04-10'),
(5, 5, '2024-05-15', NULL),
(6, 6, '2024-06-10', '2024-06-15'),
(7, 7, '2024-07-01', '2024-07-07'),
(8, 8, '2024-08-05', '2024-08-10'),
(9, 9, '2024-09-10', '2024-09-15'),
(10, 10, '2024-10-05', NULL),
(11, 11, '2024-01-15', '2024-01-20'),
(12, 12, '2024-02-25', '2024-03-02'),
(13, 13, '2024-03-10', '2024-03-15'),
(14, 14, '2024-04-20', '2024-04-25'),
(15, 15, '2024-05-30', NULL),
(16, 16, '2024-06-15', '2024-06-20'),
(17, 17, '2024-07-25', '2024-07-30'),
(18, 18, '2024-08-12', '2024-08-17'),
(19, 19, '2024-09-18', '2024-09-23'),
(20, 20, '2024-10-08', NULL);
